id;nom;description;utilite
id;nom;description;utilite
CARTEETU;Carte étudiant;Voici votre carte d'étudiant, elle sert à vous identifier auprès des professeur pour accéder à toutes les zones de l'EPHEC. Gardez la précieusement !;Permet d'accéder à plus de zone de l'EPHEC
BADGELEC;Badge Electricité;Ce badge est ta récompense pour avoir reussi le quizz du professeur Ohmlette !;Aucune
BADGANG;Badge Anglais;Ce badge est ta récompense pour avoir reussi le quizz du professeur Bytespeech !;Aucune
CAFE;petite tasse de café;Ce café peut te donner un boost d'énergie;+1 en vie !
BADGSUDO;Badge Sudo;Ce badge est ta récompense pour avoir reussi le quizz du professeur Rootella SudoQueen !;Aucune
BADGWEB;Badge Web;Ce badge est ta récompense pour avoir réussi le quizz du professeur Hypertext !;Aucune
BADGTECH;Badge Technologie de l'informatique;Ce badge est ta récompense pour avoir réussi le quizz du professeur Cahceline !;Aucune
BADGSQL;Badge Structure de donnée;Ce badge est ta récompense pour avoir réussi le quizz du professeur Tupleman !;Aucune
BADGSIGN;Bagde Signaux;Ce badge est ta récompense pour avoir réussi le quizz du professeur Porteuse !;Aucune
BADGMATH;Badge Mathématique;Ce badge est ta récompense pour avoir réussi le quizz du professeur Modulo !;Aucune
BADGLEG;Badge Legendaire;Ce badge est ta récompense pour avoir réussi l'énigme du vieux compileur!;Aucune
BADGDISTRO;Badge Sytème d'opération;Ce badge est ta récompense pour avoir réussi le quizz du professeur Kernelov Distrovitch !;Aucune